{
    "_v": "1.0",
    "labels":{
        "label-1": {
            "desc": "some description for reporting purpose",
            "qualification":{
                "all-of-nodes":["Simple_message_task"],
                "none-of-nodes":[]
            },
            "fulfillment": {
                "all-of-nodes":["Email"],
                "none-of-nodes":[]
            }
        },
        "label-2": {
            "desc": "some description for reporting purpose",
            "qualification":{
                "all-of-nodes":["welcomeDialog"],
                "none-of-nodes":["message11"]
            },
            "fulfillment": {
                "all-of-nodes":["WelcomeMessageForNoAutomation"],
                "none-of-nodes":[]
            }
        },
        "label-3": {
            "desc": "some description for reporting purpose",
            "qualification":{
                "all-of-nodes":["welcomeDialog"],
                "none-of-nodes":["ConfirmPhoneNumber"]
            },
            "fulfillment": {
                "all-of-nodes":["Script0001"],
                "none-of-nodes":[]
            }
        },
        "label-3x": {
            "desc": "some description for reporting purpose",
            "qualification":{
                "all-of-nodes":["welcomeDialog"],
                "none-of-nodes":["ConfirmPhoneNumber"]
            },
            "fulfillment": {
                "all-of-nodes":["Script0001", "DeflectionProcess"],
                "none-of-nodes":[]
            }
        },
        "label-3y": {
            "desc": "some description for reporting purpose",
            "qualification":{
                "all-of-nodes":["welcomeDialog"],
                "none-of-nodes":["ConfirmPhoneNumber"]
            },
            "fulfillment": {
                "all-of-nodes":["DeflectionProcess", "Script0001"],
                "none-of-nodes":[]
            }
        },
        "label-4": {
            "desc": "some description for reporting purpose",
            "qualification":{
                "all-of-nodes":["ChatInvocationThroughLink"],
                "none-of-nodes":[]
            },
            "fulfillment": {
                "all-of-nodes":["WelcomeBack", "CheckAutomation"],
                "none-of-nodes":[]
            }
        },
        "label-4x": {
            "desc": "some description for reporting purpose",
            "qualification":{
                "all-of-nodes":["ChatInvocationThroughLink"],
                "none-of-nodes":[]
            },
            "fulfillment": {
                "all-of-nodes":["CheckAutomation", "WelcomeBack"],
                "none-of-nodes":[]
            }
        },
        "label-5": {
            "desc": "some description for reporting purpose",
            "qualification":{
                "all-of-nodes":["ChatInvocationThroughLink"],
                "none-of-nodes":[]
            },
            "fulfillment": {
                "all-of-nodes":["WelcomeBack", "CheckAutomation"],
                "none-of-nodes":["HandOffProcess"]
            }
        },
        "label-6": {
            "desc": "some description for reporting purpose",
            "qualification":{
                "all-of-nodes":["WelcomeBack"],
                "none-of-nodes":[]
            },
            "fulfillment": {
                "all-of-nodes":["agentTransfer2", "CheckAutomation","HandOffProcess"],
                "none-of-nodes":[]
            }
        },
        "label-7": {
            "desc": "some description for reporting purpose",
            "qualification":{
                "all-of-nodes":[],
                "none-of-nodes":[]
            },
            "fulfillment": {
                "all-of-nodes":["welcomeDialog"],
                "none-of-nodes":[]
            }
        }
    },
    "rules":{
        "rule-1": {
            "desc": "some description for reporting purpose",
            "qualification":{
                "all-of-labels":["label-4"],
                "none-of-labels":[]
            },
            "fulfillment": {
                "all-of-labels":[],
                "none-of-labels":["label-2", "label-1"]
            }
        },
        "rule-2": {
            "desc": "some description for reporting purpose",
            "qualification":{
                "all-of-labels":["label-3", "label-7"],
                "none-of-labels":["label-2"]
            },
            "fulfillment": {
                "all-of-labels":[],
                "none-of-labels":["label-1"]
            }
        },
        "rule-3": {
            "desc": "some description for reporting purpose",
            "qualification":{
                "all-of-labels":["label-7"],
                "none-of-labels":[]
            },
            "fulfillment": {
                "all-of-labels":["label-7"],
                "none-of-labels":[]
            }
        },
        "rule-4": {
            "desc": "some description for reporting purpose",
            "qualification":{
                "all-of-labels":["label-2"],
                "none-of-labels":["label-9"]
            },
            "fulfillment": {
                "all-of-labels":["label-3"],
                "none-of-labels":["label-9"]
            }
        },
        "rule-5": {
            "desc": "some description for reporting purpose",
            "qualification":{
                "all-of-labels":["label-7"],
                "none-of-labels":[]
            },
            "fulfillment": {
                "all-of-labels":["label-7"],
                "none-of-labels":["label-3"]
            }
        },
        "rule-6": {
            "desc": "some description for reporting purpose",
            "qualification":{
                "all-of-labels":["label-7"],
                "none-of-labels":["label-2"]
            },
            "fulfillment": {
                "all-of-labels":["label-1"],
                "none-of-labels":["label-5"]
            }
        }
    }
}