{
    "_id": "st-d9db162c-7036-54ff-9165-bf33515ec747",
    "refId": "2433b474-74ab-50d7-819e-aa1a4eace58e",
    "notifyUserViaEmail": true,
    "purpose": "customer",
    "hasUserEndpoint": false,
    "offKoraConfirmation": false,
    "skipMakeEditLinks": false,
    "type": "default",
    "variables": [],
    "showInMp": false,
    "defaultLanguage": "en",
    "supportedLanguages": [
        "en"
    ],
    "strict_pii": false,
    "languageConfigurations": {},
    "solutionBotSettings": {
        "botDesc": "This CAI Library Bot with common functionalities implemented.",
        "configInstURL": "",
        "configInst": "Instruction to use CAILib"
    },
    "channels": [],
    "vNameSpace": [],
    "sBannerColor": "#009dab",
    "bBannerColor": "#009dab",
    "categoryIds": [
        "451902a073c071463e2fe7f6"
    ],
    "class": [],
    "featured": false,
    "sendVcf": true,
    "isNLEnabled": true,
    "interruptsEnabled": true,
    "sessionInactiveTime": 900000,
    "sessionClosureProcess": 1,
    "skipSessionMessage": false,
    "languagesToBeIgnored": [
        "en"
    ],
    "localeData": {
        "en": {
            "name": "ESIMock6thAprilCopy",
            "originalName": "CAILib",
            "errorCodes": {
                "pollError": []
            }
        }
    },
    "advancedNLSettings": [],
    "botEvents": {},
    "actions": [],
    "alerts": [],
    "dialogs": [],
    "dialogComponents": [],
    "knowledgeTasks": [],
    "smallTalk": [],
    "widgets": [],
    "panels": [],
    "forms": [],
    "unexportedTasks": [],
    "customDashboards": [],
    "paramMaps": [],
    "taskDgParamMaps": [],
    "idpConfigurations": [],
    "sentences": [],
    "koraResponses": [],
    "customTemplates": [],
    "mlParams": [],
    "contentVariables": [],
    "namespaces": [],
    "exportOptions": {
        "tasks": [
            "botTask",
            "knowledgeGraph",
            "smallTalk",
            "forms"
        ],
        "nlpData": [
            "nlpSettings",
            "utterances",
            "standardResponses"
        ],
        "settings": [
            "botSettings",
            "botVariables",
            "ivrSettings"
        ],
        "subTasks": {
            "dialogs": [
                "dg-3348b8ef-f1e8-53e6-b3e0-ae0ead7b390c",
                "dg-cb123b45-74ac-584f-9382-145a4a024a05",
                "dg-e008a2da-8b36-5f97-9f05-08a3f7078594",
                "dg-921f2013-9323-591b-b29a-8634324a585d",
                "dg-6c8c6777-09b3-5e67-8b6d-4d50b237f9e7",
                "dg-f97a5044-711b-57ba-9c01-f36db70bc3bf",
                "dg-6bcc454a-3adc-533d-acbd-73ad46ce26ef",
                "dg-7acbe187-268b-53f5-9fa9-9e940ab71d79",
                "dg-d841478a-b688-5b0c-af33-9268fdae427f",
                "dg-a28a16d3-b0cb-54d9-a9d4-d930e55f6a67",
                "dg-b49a7cce-12bb-5609-af88-cce10d179655",
                "dg-75de6208-e4c6-5487-b152-114de1d83721",
                "dg-969130c4-ca33-55f9-a27b-4b4f0d76d78f",
                "dg-deec9b06-d55b-5074-a748-4b59fd25bf71",
                "dg-1e87886f-256b-54d0-9e33-64c824254999",
                "dg-234f6f57-e507-5884-b0ca-e75738d32476",
                "dg-6edc2f2e-8615-52fe-b408-8a8fba418fad",
                "dg-11b135c2-9c83-547f-aaaa-98af72bd2b2b",
                "dg-a4d30c04-00a6-5ceb-a399-7bc5732ff8cb",
                "dg-1290831d-bcf2-5f9b-ac9f-73b772a5dcd0",
                "dg-2da953cc-9bb5-57bc-af58-81aadcd890b0",
                "dg-ecda6e5f-1cc0-5318-b771-ec9f95378364",
                "dg-0dae9b01-b373-5cbe-a429-d1b5e1678ef6",
                "dg-89f6b20d-874b-5aee-85e0-7d21852ade4b",
                "dg-7d1977a7-46dd-584e-b236-68449eba581d",
                "dg-cde72710-8813-544b-a2b4-f5088f70b436",
                "dg-1592448a-7388-5011-b121-c1632676f4a0",
                "dg-f45a0f28-098d-5a1a-a4be-58e0a34a5a98",
                "dg-58faa20b-24e2-56bb-9535-850f43359348",
                "dg-bfdd88c7-92f4-5a64-ae35-731ae0825deb",
                "dg-d1e9b48f-e7ed-5b2c-805b-40e181223623",
                "dg-469db7e8-7e3b-53d7-942a-56613fc89218",
                "dg-29ec2054-2cce-5f44-8d4f-39aa13fa9fa5",
                "dg-6df32125-a782-5419-ab7d-ec5bb3165688",
                "dg-a773fdeb-5751-59e5-8b5a-a85204a4d403",
                "dg-f482f6c4-197a-5130-8277-c41ac22cc904",
                "dg-7b336222-c574-5940-94a4-416d72fc4e99",
                "dg-6490437b-6f8b-5589-9d46-1d9c9bad71e5",
                "dg-23aae9e5-de60-523f-bec6-74d40e580a52",
                "dg-f4d71eeb-9373-5606-9d93-e71d137b8493",
                "dg-2fb4a633-465f-5c85-bb15-6d9b09255c7c",
                "dg-74d48894-0e18-5f0c-baa9-0a9611c5b510",
                "dg-d808110a-af00-520b-8cc8-fe82b940ff6b",
                "dg-c3d0e0f1-4237-5a5e-85b3-41d428bb08fc",
                "dg-681a3b7e-f871-55db-b1d4-37ca98f63d1e",
                "dg-a88d0b18-503c-5740-86e0-46ba148d4b63",
                "dg-522427f9-cb77-5873-9f5b-d92722c6aa87",
                "dg-631fdc1d-232d-5cbe-a237-7a74698755f7",
                "dg-a15b294a-2e14-5f0f-835a-d12828191c53",
                "dg-fe0f66dd-7e76-5b93-b416-7ae23d8ece15",
                "dg-f6774e2a-82af-573e-938a-21cc81eddd11",
                "dg-7b9a50c3-6e3a-57f1-b0ea-95b5f2295553",
                "dg-b41e47f8-6f7c-5593-8215-1a8e2154d1d4",
                "dg-c2803792-ed08-51f9-9d8e-3f85f1a23db0",
                "dg-7ea613c1-d6c5-537b-a8f3-b7284dce3b5c",
                "dg-3dcb7354-ad8a-5e00-867d-361f2fbbcf27",
                "dg-f870d4c7-7a34-56d4-b74f-61d35f8cc3b1",
                "dg-30352894-5585-5f9c-8639-0081643b44c8",
                "dg-50f66efa-966f-5bfa-b39c-76c0443a4711",
                "dg-9c592427-59c8-5a35-b436-36207df908f2",
                "dg-0bb8fba5-1d62-53af-aab2-a7979089de52",
                "dg-eb48ac0e-2b83-500b-bd37-352b77b1e61c",
                "dg-a9d21513-2cb5-5beb-9080-90fa66da9ffc",
                "dg-b3996989-95cf-5d92-9074-23345698b0c7",
                "dg-eb6e6f9a-8f2d-5773-83fa-5bafc3f147b5",
                "dg-70478ac1-2a3d-5efd-bebe-6140eb3b3971",
                "dg-6de5c0ce-df44-5d07-acf6-af88d069054c"
            ],
            "alerts": [],
            "actions": [],
            "forms": []
        },
        "IncludeDependentTasks": true,
        "IncludeFormDependentTasks": true
    },
    "traits": []
}